[
  {
    "id": "msg1",
    "type": "text",
    "text": "Current movements in the crypto market.",
    "author": "user"
  },
  {
    "id": "msg2",
    "type": "text",
    "text": "<p>The current movements in the crypto market indicate a bullish sentiment with the overall market cap reaching $1.96 trillion, showing a 1.36% increase. Bitcoin's price has seen a 1.77% rise, reaching $52,234, contributing to its market cap of $1.03 trillion and a dominance of 52.24% in the market. The trading volume has surged by 23.80% to $318.85 billion. The market's positive outlook is further supported by the Crypto Fear & Greed Index, which is at a value of 72 out of 100, indicating a state of 'Greed' among investors. This suggests that a majority of cryptocurrencies, about 71%, have gained value over the last 24 hours, while 29% have seen a decline​​​​.</p><p>For more in-depth insights and the latest updates, you might want to check the original sources at CoinMarketCap and CoinCodex.</p>",
    "author": "bot"
  },
  {
    "id": "msg3",
    "type": "text",
    "text": "Create a bulleted list of top 5 crypto coins",
    "author": "user"
  },
  {
    "id": "msg4",
    "type": "text",
    "text": "<ul><li>Bitcoin (BTC): The first and most well-known cryptocurrency, often referred to as digital gold.</li><li>Ethereum (ETH): A decentralized platform that enables smart contracts and decentralized applications (DApps).</li><li>Tether (USDT): A stablecoin that aims to keep cryptocurrency valuations stable, as opposed to the wide fluctuations seen in other cryptocurrencies.</li><li>BNB (Binance Coin): The cryptocurrency of the Binance platform, a digital asset exchange.</li><li>Solana (SOL): A high-performance blockchain supporting builders around the world creating crypto apps that scale today.</li></ul>",
    "author": "bot"
  },
  {
    "id": "msg5",
    "type": "text",
    "text": "Current movements in the crypto market.",
    "author": "user"
  },
  {
    "id": "msg6",
    "type": "text",
    "text": "<p>The current movements in the crypto market indicate a bullish sentiment with the overall market cap reaching $1.96 trillion, showing a 1.36% increase. Bitcoin's price has seen a 1.77% rise, reaching $52,234, contributing to its market cap of $1.03 trillion and a dominance of 52.24% in the market. The trading volume has surged by 23.80% to $318.85 billion. The market's positive outlook is further supported by the Crypto Fear & Greed Index, which is at a value of 72 out of 100, indicating a state of 'Greed' among investors. This suggests that a majority of cryptocurrencies, about 71%, have gained value over the last 24 hours, while 29% have seen a decline​​​​.</p><p>For more in-depth insights and the latest updates, you might want to check the original sources at CoinMarketCap and CoinCodex.</p>",
    "author": "bot"
  },
  {
    "id": "msg7",
    "type": "text",
    "text": "Create a bulleted list of top 5 crypto coins",
    "author": "user"
  },
  {
    "id": "msg8",
    "type": "network_graph",
    "text": "Here is the example of",
    "author": "bot",
    "legendNodes": {
      "sizes": [
        {
          "name": "Large Nodes",
          "value": "High transaction volume or significant activity"
        },
        {
          "name": "Medium Nodes",
          "value": "Moderate activity or balance"
        },
        {
          "name": "Small Nodes",
          "value": "Low activity or small balances"
        }
      ],
      "edges": [
        {
          "name": "Solid Lines",
          "value": "Direct transactions between addresses"
        },
        {
          "name": "Dotted Lines",
          "value": "Indirect or less frequent interactions"
        },
        {
          "name": "Thicker Lines",
          "value": "Larger transaction volume"
        },
        {
          "name": "Thinner Lines",
          "value": "Smaller transaction volume"
        }
      ]
    },
    "nodes": {
      "name": "Address 1",
      "type": "Addresses",
      "relationType": null,
      "value": 10,
      "data": [
        {
          "name": "Address",
          "value": "5C4n8kb3mno7i8vQmqNgsQbwZozHvPyou8TAfZfZ7msTkS5f"
        },
        {
          "name": "Network",
          "value": "Torus"
        },
        {
          "name": "Balance",
          "value": "$1,250,300"
        },
        {
          "name": "Inflow (30d)",
          "value": "$250,000"
        },
        {
          "name": "Outflow (30d)",
          "value": "$360,000"
        },
        {
          "name": "Tx Count (30d)",
          "value": "140"
        },
        {
          "name": "Degree",
          "value": "58"
        }
      ],
      "nodes": [
        {
          "name": "Address 2",
          "type": "Exchanges",
          "relationType": "direct",
          "value": 8,
          "data": [
            {
              "name": "Address",
              "value": "5C4n8kb3mno7i8vQmqNgsQbwZozHvPyou8TAfZfZ334fe3d"
            },
            {
              "name": "Network",
              "value": "Torus"
            },
            {
              "name": "Balance",
              "value": "$1,250,300"
            },
            {
              "name": "Inflow (30d)",
              "value": "$250,000"
            },
            {
              "name": "Outflow (30d)",
              "value": "$360,000"
            },
            {
              "name": "Tx Count (30d)",
              "value": "140"
            },
            {
              "name": "Degree",
              "value": "58"
            }
          ],
          "nodes": [
            {
              "name": "Address 5",
              "type": "D",
              "relationType": "direct",
              "value": 6,
              "data": [
                {
                  "name": "Address",
                  "value": "5C4n8kb3mno7i8sccwWsQbwZozHvPyou8TAfZfZ334fe3d"
                },
                {
                  "name": "Network",
                  "value": "Torus"
                },
                {
                  "name": "Balance",
                  "value": "$1,250,300"
                },
                {
                  "name": "Inflow (30d)",
                  "value": "$250,000"
                },
                {
                  "name": "Outflow (30d)",
                  "value": "$360,000"
                },
                {
                  "name": "Tx Count (30d)",
                  "value": "140"
                },
                {
                  "name": "Degree",
                  "value": "58"
                }
              ],
              "nodes": []
            }
          ]
        },
        {
          "name": "Address 3",
          "type": "DeFi Platforms",
          "relationType": "indirect",
          "value": 6,
          "data": [
            {
              "name": "Address",
              "value": "5C4n8kb3mno7i8vQmqNgsQbwZoz54gQ24sAfZfZ334fe3d"
            },
            {
              "name": "Network",
              "value": "Torus"
            },
            {
              "name": "Balance",
              "value": "$1,250,300"
            },
            {
              "name": "Inflow (30d)",
              "value": "$250,000"
            },
            {
              "name": "Outflow (30d)",
              "value": "$360,000"
            },
            {
              "name": "Tx Count (30d)",
              "value": "140"
            },
            {
              "name": "Degree",
              "value": "58"
            }
          ],
          "nodes": []
        },
        {
          "name": "Address 4",
          "type": "Unknown Entities",
          "relationType": "indirect",
          "value": 8,
          "data": [
            {
              "name": "Address",
              "value": "234dQ3db3mno7i8vQmqNgsQbwZozHvPyou8TAfZfZ334fe3d"
            },
            {
              "name": "Network",
              "value": "Torus"
            },
            {
              "name": "Balance",
              "value": "$1,250,300"
            },
            {
              "name": "Inflow (30d)",
              "value": "$250,000"
            },
            {
              "name": "Outflow (30d)",
              "value": "$360,000"
            },
            {
              "name": "Tx Count (30d)",
              "value": "140"
            },
            {
              "name": "Degree",
              "value": "58"
            }
          ],
          "nodes": [
            {
              "name": "Address 7",
              "type": "DeFi Platforms",
              "relationType": "direct",
              "value": 6,
              "nodes": []
            }
          ]
        },
        {
          "name": "Address 6",
          "type": "Suspicious Addresses",
          "relationType": "direct",
          "value": 8,
          "data": [
            {
              "name": "Address",
              "value": "5C4n8kb3mno7i8vQmqfeoei5bwZozHvPyou8TAfZfZ334fe3d"
            },
            {
              "name": "Network",
              "value": "Torus"
            },
            {
              "name": "Balance",
              "value": "$1,250,300"
            },
            {
              "name": "Inflow (30d)",
              "value": "$250,000"
            },
            {
              "name": "Outflow (30d)",
              "value": "$360,000"
            },
            {
              "name": "Tx Count (30d)",
              "value": "140"
            },
            {
              "name": "Degree",
              "value": "58"
            }
          ],
          "nodes": []
        },
        {
          "name": "Address 8",
          "type": "Suspicious Addresses",
          "relationType": "direct",
          "data": [
            {
              "name": "Address",
              "value": "5C4n8kb3mno7i8vQmqNgsQ43GEf4you8TAfZfZ334fe3d"
            },
            {
              "name": "Network",
              "value": "Torus"
            },
            {
              "name": "Balance",
              "value": "$1,250,300"
            },
            {
              "name": "Inflow (30d)",
              "value": "$250,000"
            },
            {
              "name": "Outflow (30d)",
              "value": "$360,000"
            },
            {
              "name": "Tx Count (30d)",
              "value": "140"
            },
            {
              "name": "Degree",
              "value": "58"
            }
          ],
          "value": 6,
          "nodes": []
        }
      ]
    }
  }
]
